{"z" : 40,
"s" : 5,
"v" : 2,
"c" : 3,
"Demand": [
0.000803429155663251,
0.000951406002100867,
0.000380610376636527,
0.000618466478371856,
0.000512392725428298,
0.000695649396798754,
0.000843419435135384,
0.000424306894893672,
0.000110637129007104,
0.000597429377117032,
0.000380072163557447,
0.000462906508557862,
0.000567661492069330,
0.000138091940366586,
0.000160928415309842,
0.000976386806555645,
0.000407465600351466,
0.000607598571090764,
0.000411097363827106,
0.002096322377129740,
0.000977756939314907,
0.000289566403417517,
0.000364714368173244,
0.000424418921560095,
0.000376874510876457,
0.001813841435241270,
0.000413586803445946,
0.000476504164309527,
0.001104592711015790,
0.001067919293659960,
0.002054678063366840,
0.001521617246129450,
0.000279801635275065,
0.001011309532388760,
0.001586138579717420,
0.000915099561287692,
0.000675259819771439,
0.000019964112235636,
0.000847033587564333,
0.000647409833811700],

"Time" : [
[0.0010,
1.6420,
1.8700,
1.2150,
1.2240,
1.3240,
2.3470,
3.2520,
3.0020,
4.0630,
1.3150,
1.9470,
1.9570,
3.1200,
3.1200,
2.1110,
3.7930,
3.3800,
4.4850,
4.6850,
5.5010,
6.1030,
6.1030,
5.0010,
6.2060,
6.8560,
6.4550,
6.8670,
5.6330,
7.2060,
7.7950,
7.4070,
7.8170,
7.8260,
7.7200,
10.1790,
9.2770,
10.4550,
5.0540,
4.3470],
[1.6420,
0.0010,
2.2760,
1.0980,
1.8660,
1.9660,
2.9890,
3.8940,
3.6440,
3.9460,
1.1980,
1.8300,
1.8400,
3.0030,
3.0030,
1.9940,
3.6760,
3.2630,
4.3680,
4.5680,
5.3840,
5.9860,
5.9860,
4.8840,
6.0890,
6.7390,
6.3380,
6.7500,
5.5160,
7.0890,
7.6780,
7.2900,
7.7000,
7.7090,
7.6030,
10.0620,
9.1600,
10.3380,
4.9370,
4.2300],
[1.8700,
2.2760,
0.0010,
2.0840,
1.8960,
1.9960,
3.0190,
3.9240,
3.6740,
4.9320,
2.1840,
2.8160,
2.8260,
3.9890,
3.9890,
2.9800,
4.6620,
4.2490,
5.3540,
5.5540,
6.3700,
6.9720,
6.9720,
5.8700,
7.0750,
7.7250,
7.3240,
7.7360,
6.5020,
8.0750,
8.6640,
8.2760,
8.6860,
8.6950,
8.5890,
11.0480,
10.1460,
11.3240,
5.9230,
5.2160],
[1.2150,
1.0980,
2.0840,
0.0010,
1.4390,
1.5390,
2.5620,
3.4670,
3.2170,
3.4460,
0.6980,
1.3300,
1.3400,
2.5030,
2.5030,
1.4940,
3.1760,
2.7630,
3.8680,
4.0680,
4.8840,
5.4860,
5.4860,
4.3840,
5.5890,
6.2390,
5.8380,
6.2500,
5.0160,
6.5890,
7.1780,
6.7900,
7.2000,
7.2090,
7.1030,
9.5620,
8.6600,
9.8380,
4.4370,
3.7300],
[1.2240,
1.8660,
1.8960,
1.4390,
0.0010,
0.6980,
1.7210,
2.6260,
2.3760,
4.1840,
1.5390,
2.1710,
2.1810,
3.2410,
3.2410,
2.3350,
4.0170,
3.6040,
4.7090,
4.9090,
5.7250,
6.3270,
6.3270,
5.2250,
6.4300,
7.0800,
6.6790,
7.0910,
5.8570,
7.4300,
8.0190,
7.6310,
8.0410,
8.0500,
7.9440,
10.4030,
9.5010,
10.6790,
5.2780,
4.5710],
[1.3240,
1.9660,
1.9960,
1.5390,
0.6980,
0.0010,
0.8990,
1.8040,
1.5540,
3.3620,
1.0000,
2.2710,
2.2810,
2.4190,
2.4190,
2.4350,
4.1170,
3.7040,
4.8090,
5.0090,
5.8250,
6.4270,
6.4270,
5.3250,
6.5300,
7.1800,
6.7790,
7.1910,
5.9570,
7.5300,
8.1190,
7.7310,
8.1410,
8.1500,
8.0440,
10.5030,
9.6010,
10.7790,
5.3780,
4.6710],
[2.3470,
2.9890,
3.0190,
2.5620,
1.7210,
0.8990,
0.0010,
1.7030,
1.4530,
3.2610,
0.8990,
3.2940,
2.6190,
2.3180,
2.3180,
3.3300,
4.0290,
3.6160,
4.7210,
4.9210,
5.7370,
6.3390,
6.3390,
5.2370,
6.4420,
7.0920,
6.6910,
7.1030,
5.8690,
7.4420,
8.0310,
7.6430,
8.0530,
8.0620,
7.9560,
10.4150,
9.5130,
10.6910,
5.7170,
5.1690],
[3.2520,
3.8940,
3.9240,
3.4670,
2.6260,
1.8040,
1.7030,
0.0010,
0.5480,
2.3560,
1.8040,
2.9660,
1.7140,
1.4130,
1.4130,
2.4250,
3.1240,
2.7110,
3.8160,
4.0160,
4.8320,
5.4340,
5.4340,
4.3320,
5.5370,
6.1870,
5.7860,
6.1980,
4.9640,
6.5370,
7.1260,
6.7380,
7.1480,
7.1570,
7.0510,
9.5100,
8.6080,
9.7860,
4.8120,
4.2640],
[3.0020,
3.6440,
3.6740,
3.2170,
2.3760,
1.5540,
1.4530,
0.5480,
0.0010,
2.1060,
1.5540,
2.7160,
1.4640,
1.1630,
1.1630,
2.1750,
2.8740,
2.4610,
3.5660,
3.7660,
4.5820,
5.1840,
5.1840,
4.0820,
5.2870,
5.9370,
5.5360,
5.9480,
4.7140,
6.2870,
6.8760,
6.4880,
6.8980,
6.9070,
6.8010,
9.2600,
8.3580,
9.5360,
4.5620,
4.0140],
[4.0550,
3.9380,
4.9240,
3.4380,
4.1840,
3.3620,
3.2610,
2.3560,
2.1060,
0.0010,
3.3620,
2.8940,
1.6420,
1.3410,
1.3410,
2.3530,
3.0520,
2.6390,
3.3970,
3.5970,
4.4130,
5.0150,
5.0150,
3.9130,
5.1180,
5.7680,
5.3670,
5.7790,
4.5450,
6.1180,
6.7070,
6.3190,
6.7290,
6.7380,
6.6320,
9.0910,
8.1890,
9.3670,
4.7400,
4.1920],
[1.3150,
1.1980,
2.1840,
0.6980,
1.5390,
1.0000,
0.8990,
1.8040,
1.5540,
3.3620,
0.0010,
1.4300,
1.4400,
2.4190,
2.4190,
1.5940,
3.2760,
2.8630,
3.9680,
4.1680,
4.9840,
5.5860,
5.5860,
4.4840,
5.6890,
6.3390,
5.9380,
6.3500,
5.1160,
6.6890,
7.2780,
6.8900,
7.3000,
7.3090,
7.2030,
9.6620,
8.7600,
9.9380,
4.5370,
3.8300],
[1.9390,
1.8220,
2.8080,
1.3220,
2.1630,
2.2630,
3.2860,
2.9660,
2.7160,
2.8940,
1.4220,
0.0010,
0.7880,
1.9510,
1.9510,
0.9420,
2.6240,
2.2110,
3.3160,
3.5160,
4.3320,
4.9340,
4.9340,
3.8320,
5.0370,
5.6870,
5.2860,
5.6980,
4.4640,
6.0370,
6.6260,
6.2380,
6.6480,
6.6570,
6.5510,
9.0100,
8.1080,
9.2860,
3.8850,
3.1780],
[1.9490,
1.8320,
2.8180,
1.3320,
2.1730,
2.2730,
2.6190,
1.7140,
1.4640,
1.6420,
1.4320,
0.7880,
0.0010,
0.6990,
0.6990,
0.9520,
2.4100,
1.9970,
3.1020,
3.3020,
4.1180,
4.7200,
4.7200,
3.6180,
4.8230,
5.4730,
5.0720,
5.4840,
4.2500,
5.8230,
6.4120,
6.0240,
6.4340,
6.4430,
6.3370,
8.7960,
7.8940,
9.0720,
3.8950,
3.1880],
[3.1120,
2.9950,
3.9810,
2.4950,
3.2410,
2.4190,
2.3180,
1.4130,
1.1630,
1.3410,
2.4190,
1.9510,
0.6990,
0.0010,
0.3980,
1.4100,
2.1090,
1.6960,
2.8010,
3.0010,
3.8170,
4.4190,
4.4190,
3.3170,
4.5220,
5.1720,
4.7710,
5.1830,
3.9490,
5.5220,
6.1110,
5.7230,
6.1330,
6.1420,
6.0360,
8.4950,
7.5930,
8.7710,
3.7970,
3.2490],
[3.1120,
2.9950,
3.9810,
2.4950,
3.2410,
2.4190,
2.3180,
1.4130,
1.1630,
1.3410,
2.4190,
1.9510,
0.6990,
0.3980,
0.0010,
1.4100,
2.1090,
1.6960,
2.8010,
3.0010,
3.8170,
4.4190,
4.4190,
3.3170,
4.5220,
5.1720,
4.7710,
5.1830,
3.9490,
5.5220,
6.1110,
5.7230,
6.1330,
6.1420,
6.0360,
8.4950,
7.5930,
8.7710,
3.7970,
3.2490],
[2.1030,
1.9860,
2.9720,
1.4860,
2.3270,
2.4270,
3.3300,
2.4250,
2.1750,
2.3530,
1.5860,
0.9420,
0.9520,
1.4100,
1.4100,
0.0010,
2.0830,
1.6700,
2.7750,
2.9750,
3.7910,
4.3930,
4.3930,
3.2910,
4.4960,
5.1460,
4.7450,
5.1570,
3.9230,
5.4960,
6.0850,
5.6970,
6.1070,
6.1160,
6.0100,
8.4690,
7.5670,
8.7450,
3.3440,
2.6370],
[3.7850,
3.6680,
4.6540,
3.1680,
4.0090,
4.1090,
4.0290,
3.1240,
2.8740,
3.0520,
3.2680,
2.6240,
2.4100,
2.1090,
2.1090,
2.0830,
0.0010,
0.5980,
1.3510,
1.5510,
2.3670,
2.9690,
2.9690,
1.8670,
3.0720,
3.7220,
3.3210,
3.7330,
2.4990,
4.0720,
4.6610,
4.2730,
4.6830,
4.6920,
4.5860,
7.0450,
6.1430,
7.3210,
1.6230,
1.7300],
[3.3720,
3.2550,
4.2410,
2.7550,
3.5960,
3.6960,
3.6160,
2.7110,
2.4610,
2.6390,
2.8550,
2.2110,
1.9970,
1.6960,
1.6960,
1.6700,
0.5980,
0.0010,
1.3510,
1.5510,
2.3670,
2.9690,
2.9690,
1.8670,
3.0720,
3.7220,
3.3210,
3.7330,
2.4990,
4.0720,
4.6610,
4.2730,
4.6830,
4.6920,
4.5860,
7.0450,
6.1430,
7.3210,
1.6230,
1.7300],
[4.4770,
4.3600,
5.3460,
3.8600,
4.7010,
4.8010,
4.7210,
3.8160,
3.5660,
3.3970,
3.9600,
3.3160,
3.1020,
2.8010,
2.8010,
2.7750,
1.3510,
1.3510,
0.0010,
1.2000,
2.0160,
2.6180,
2.6180,
1.5160,
2.7210,
3.3710,
2.9700,
3.3820,
2.1480,
3.7210,
4.3100,
3.9220,
4.3320,
4.3410,
4.2350,
6.6940,
5.7920,
6.9700,
2.3760,
2.4830],
[4.6770,
4.5600,
5.5460,
4.0600,
4.9010,
5.0010,
4.9210,
4.0160,
3.7660,
3.5970,
4.1600,
3.5160,
3.3020,
3.0010,
3.0010,
2.9750,
1.5510,
1.5510,
1.2000,
0.0010,
1.7000,
2.3020,
2.3020,
1.2000,
2.4050,
3.0550,
2.6540,
3.0660,
1.8320,
3.4050,
3.9940,
3.6060,
4.0160,
4.0250,
3.9190,
6.3780,
5.4760,
6.6540,
2.4580,
2.6830],
[5.4930,
5.3760,
6.3620,
4.8760,
5.7170,
5.8170,
5.7370,
4.8320,
4.5820,
4.4130,
4.9760,
4.3320,
4.1180,
3.8170,
3.8170,
3.7910,
2.3670,
2.3670,
2.0160,
1.7000,
0.0010,
1.0000,
2.3180,
1.1790,
1.0920,
1.7420,
1.3410,
2.3730,
1.2790,
2.8520,
3.4410,
3.0530,
3.4630,
3.3320,
3.2260,
5.8250,
4.9230,
6.1010,
2.7580,
3.4990],
[6.0950,
5.9780,
6.9640,
5.4780,
6.3190,
6.4190,
6.3390,
5.4340,
5.1840,
5.0150,
5.5780,
4.9340,
4.7200,
4.4190,
4.4190,
4.3930,
2.9690,
2.9690,
2.6180,
2.3020,
1.0000,
0.0010,
0.7980,
1.1790,
1.0920,
1.7420,
1.3410,
2.3730,
1.2790,
2.8520,
3.4410,
3.0530,
3.4630,
3.3320,
3.2260,
