{
  "z": 20,
  "s": 3,
  "v": 2,
  "c": 3,
  "Demand": [
    0.000803429155663251,
    0.000951406002100867,
    0.000380610376636527,
    0.000618466478371856,
    0.000512392725428298,
    0.000695649396798754,
    0.000843419435135384,
    0.000424306894893672,
    0.000110637129007104,
    0.000597429377117032,
    0.000380072163557447,
    0.000462906508557862,
    0.000567661492069330,
    0.000138091940366586,
    0.000160928415309842,
    0.000976386806555645,
    0.000407465600351466,
    0.000607598571090764,
    0.000411097363827106,
    0.002096322377129740
  ],
  "Time": [
    [
      0.0010,
      1.6420,
      1.8700,
      1.2150,
      1.2240,
      1.3240,
      2.3470,
      3.2520,
      3.0020,
      4.0630,
      1.3150,
      1.9470,
      1.9570,
      3.1200,
      3.1200,
      2.1110,
      3.7930,
      3.3800,
      4.4850,
      4.6850
    ],
    [
      1.6420,
      0.0010,
      2.2760,
      1.0980,
      1.8660,
      1.9660,
      2.9890,
      3.8940,
      3.6440,
      3.9460,
      1.1980,
      1.8300,
      1.8400,
      3.0030,
      3.0030,
      1.9940,
      3.6760,
      3.2630,
      4.3680,
      4.5680
    ],
    [
      1.8700,
      2.2760,
      0.0010,
      2.0840,
      1.8960,
      1.9960,
      3.0190,
      3.9240,
      3.6740,
      4.9320,
      2.1840,
      2.8160,
      2.8260,
      3.9890,
      3.9890,
      2.9800,
      4.6620,
      4.2490,
      5.3540,
      5.5540
    ],
    [
      1.2150,
      1.0980,
      2.0840,
      0.0010,
      1.4390,
      1.5390,
      2.5620,
      3.4670,
      3.2170,
      3.4460,
      0.6980,
      1.3300,
      1.3400,
      2.5030,
      2.5030,
      1.4940,
      3.1760,
      2.7630,
      3.8680,
      4.0680
    ],
    [
      1.2240,
      1.8660,
      1.8960,
      1.4390,
      0.0010,
      0.6980,
      1.7210,
      2.6260,
      2.3760,
      4.1840,
      1.5390,
      2.1710,
      2.1810,
      3.2410,
      3.2410,
      2.3350,
      4.0170,
      3.6040,
      4.7090,
      4.9090
    ],
    [
      1.3240,
      1.9660,
      1.9960,
      1.5390,
      0.6980,
      0.0010,
      0.8990,
      1.8040,
      1.5540,
      3.3620,
      1.0000,
      2.2710,
      2.2810,
      2.4190,
      2.4190,
      2.4350,
      4.1170,
      3.7040,
      4.8090,
      5.0090
    ],
    [
      2.3470,
      2.9890,
      3.0190,
      2.5620,
      1.7210,
      0.8990,
      0.0010,
      1.7030,
      1.4530,
      3.2610,
      0.8990,
      3.2940,
      2.6190,
      2.3180,
      2.3180,
      3.3300,
      4.0290,
      3.6160,
      4.7210,
      4.9210
    ],
    [
      3.2520,
      3.8940,
      3.9240,
      3.4670,
      2.6260,
      1.8040,
      1.7030,
      0.0010,
      0.5480,
      2.3560,
      1.8040,
      2.9660,
      1.7140,
      1.4130,
      1.4130,
      2.4250,
      3.1240,
      2.7110,
      3.8160,
      4.0160
    ],
    [
      3.0020,
      3.6440,
      3.6740,
      3.2170,
      2.3760,
      1.5540,
      1.4530,
      0.5480,
      0.0010,
      2.1060,
      1.5540,
      2.7160,
      1.4640,
      1.1630,
      1.1630,
      2.1750,
      2.8740,
      2.4610,
      3.5660,
      3.7660
    ],
    [
      4.0550,
      3.9380,
      4.9240,
      3.4380,
      4.1840,
      3.3620,
      3.2610,
      2.3560,
      2.1060,
      0.0010,
      3.3620,
      2.8940,
      1.6420,
      1.3410,
      1.3410,
      2.3530,
      3.0520,
      2.6390,
      3.3970,
      3.5970
    ],
    [
      1.3150,
      1.1980,
      2.1840,
      0.6980,
      1.5390,
      1.0000,
      0.8990,
      1.8040,
      1.5540,
      3.3620,
      0.0010,
      1.4300,
      1.4400,
      2.4190,
      2.4190,
      1.5940,
      3.2760,
      2.8630,
      3.9680,
      4.1680
    ],
    [
      1.9390,
      1.8220,
      2.8080,
      1.3220,
      2.1630,
      2.2630,
      3.2860,
      2.9660,
      2.7160,
      2.8940,
      1.4220,
      0.0010,
      0.7880,
      1.9510,
      1.9510,
      0.9420,
      2.6240,
      2.2110,
      3.3160,
      3.5160
    ],
    [
      1.9490,
      1.8320,
      2.8180,
      1.3320,
      2.1730,
      2.2730,
      2.6190,
      1.7140,
      1.4640,
      1.6420,
      1.4320,
      0.7880,
      0.0010,
      0.6990,
      0.6990,
      0.9520,
      2.4100,
      1.9970,
      3.1020,
      3.3020
    ],
    [
      3.1120,
      2.9950,
      3.9810,
      2.4950,
      3.2410,
      2.4190,
      2.3180,
      1.4130,
      1.1630,
      1.3410,
      2.4190,
      1.9510,
      0.6990,
      0.0010,
      0.3980,
      1.4100,
      2.1090,
      1.6960,
      2.8010,
      3.0010
    ],
    [
      3.1120,
      2.9950,
      3.9810,
      2.4950,
      3.2410,
      2.4190,
      2.3180,
      1.4130,
      1.1630,
      1.3410,
      2.4190,
      1.9510,
      0.6990,
      0.3980,
      0.0010,
      1.4100,
      2.1090,
      1.6960,
      2.8010,
      3.0010
    ],
    [
      2.1030,
      1.9860,
      2.9720,
      1.4860,
      2.3270,
      2.4270,
      3.3300,
      2.4250,
      2.1750,
      2.3530,
      1.5860,
      0.9420,
      0.9520,
      1.4100,
      1.4100,
      0.0010,
      2.0830,
      1.6700,
      2.7750,
      2.9750
    ],
    [
      3.7850,
      3.6680,
      4.6540,
      3.1680,
      4.0090,
      4.1090,
      4.0290,
      3.1240,
      2.8740,
      3.0520,
      3.2680,
      2.6240,
      2.4100,
      2.1090,
      2.1090,
      2.0830,
      0.0010,
      0.5980,
      1.3510,
      1.5510
    ],
    [
      3.3720,
      3.2550,
      4.2410,
      2.7550,
      3.5960,
      3.6960,
      3.6160,
      2.7110,
      2.4610,
      2.6390,
      2.8550,
      2.2110,
      1.9970,
      1.6960,
      1.6960,
      1.6700,
      0.5980,
      0.0010,
      1.3510,
      1.5510
    ],
    [
      4.4770,
      4.3600,
      5.3460,
      3.8600,
      4.7010,
      4.8010,
      4.7210,
      3.8160,
      3.5660,
      3.3970,
      3.9600,
      3.3160,
      3.1020,
      2.8010,
      2.8010,
      2.7750,
      1.3510,
      1.3510,
      0.0010,
      1.2000
    ],
    [
      4.6770,
      4.5600,
      5.5460,
      4.0600,
      4.9010,
      5.0010,
      4.9210,
      4.0160,
      3.7660,
      3.5970,
      4.1600,
      3.5160,
      3.3020,
      3.0010,
      3.0010,
      2.9750,
      1.5510,
      1.5510,
      1.2000,
      0.0010
    ]
  ]
}