{
  "z": 10,
  "s": 2,
  "v": 2,
  "c": 3,
  "Demand": [
    0.000803429155663251,
    0.000951406002100867,
    0.000380610376636527,
    0.000618466478371856,
    0.000512392725428298,
    0.000695649396798754,
    0.000843419435135384,
    0.000424306894893672,
    0.000110637129007104,
    0.000597429377117032
  ],
  "Time": [
    [
      0.0010,
      1.6420,
      1.8700,
      1.2150,
      1.2240,
      1.3240,
      2.3470,
      3.2520,
      3.0020,
      4.0630
    ],
    [
      1.6420,
      0.0010,
      2.2760,
      1.0980,
      1.8660,
      1.9660,
      2.9890,
      3.8940,
      3.6440,
      3.9460
    ],
    [
      1.8700,
      2.2760,
      0.0010,
      2.0840,
      1.8960,
      1.9960,
      3.0190,
      3.9240,
      3.6740,
      4.9320
    ],
    [
      1.2150,
      1.0980,
      2.0840,
      0.0010,
      1.4390,
      1.5390,
      2.5620,
      3.4670,
      3.2170,
      3.4460
    ],
    [
      1.2240,
      1.8660,
      1.8960,
      1.4390,
      0.0010,
      0.6980,
      1.7210,
      2.6260,
      2.3760,
      4.1840
    ],
    [
      1.3240,
      1.9660,
      1.9960,
      1.5390,
      0.6980,
      0.0010,
      0.8990,
      1.8040,
      1.5540,
      3.3620
    ],
    [
      2.3470,
      2.9890,
      3.0190,
      2.5620,
      1.7210,
      0.8990,
      0.0010,
      1.7030,
      1.4530,
      3.2610
    ],
    [
      3.2520,
      3.8940,
      3.9240,
      3.4670,
      2.6260,
      1.8040,
      1.7030,
      0.0010,
      0.5480,
      2.3560
    ],
    [
      3.0020,
      3.6440,
      3.6740,
      3.2170,
      2.3760,
      1.5540,
      1.4530,
      0.5480,
      0.0010,
      2.1060
    ],
    [
      4.0550,
      3.9380,
      4.9240,
      3.4380,
      4.1840,
      3.3620,
      3.2610,
      2.3560,
      2.1060,
      0.0010
    ]
  ]
}